{
    "train_loss": [
        3.8007251907277992,
        1.8753541277514563,
        1.5528540644380782,
        1.4560392035378351,
        1.3610479014891166,
        1.302710661733592,
        1.109528229744346,
        1.0158976680702634,
        0.9321169831134655,
        0.8654152463983606,
        0.8173147572411431,
        0.7908203720494553,
        0.7589396296275986,
        0.6867469593330666,
        0.6521682438475115
    ],
    "train_acc": [
        12.648680011604293,
        23.353640847113432,
        33.3623440673049,
        39.483608935306066,
        43.196982883666955,
        45.80794894110821,
        52.21932114882507,
        55.7006092254134,
        59.23991876994488,
        62.80823904844792,
        64.80997969248622,
        65.33217290397447,
        66.55062373078039,
        69.01653611836379,
        71.45343777197563
    ],
    "val_loss": [
        2.2957474333899364,
        2.3345746227673123,
        1.4234965528760637,
        3.472957270486014,
        1.4235144981316157,
        5.286450147628784,
        1.3734781316348486,
        0.8091470726898738,
        1.245183186871665,
        13.091746057782855,
        20.663821969713485,
        0.5730762098516736,
        0.686889043876103,
        9.310000828334264,
        6.416808571134295
    ],
    "val_acc": [
        13.488372093023257,
        20.0,
        39.30232558139535,
        28.372093023255815,
        38.13953488372093,
        26.511627906976745,
        41.395348837209305,
        64.18604651162791,
        49.53488372093023,
        22.790697674418606,
        9.30232558139535,
        78.13953488372093,
        72.32558139534883,
        17.906976744186046,
        26.74418604651163
    ]
}